h_dim,train_loss,test_loss,train_accuracy,test_accuracy
200,0.13294303096878302,0.469322457292657,95.25,87.42
500,0.1187703164329954,0.5292264737521007,95.73,87.21
700,0.13639472752429876,0.46139441259727354,95.155,86.99
900,0.118210450763915,0.5175189615055255,95.825,87.28
1100,0.13541824736033276,0.4423226354418287,95.05,87.3
