h_dim,train_loss,test_loss,train_accuracy,test_accuracy
200,0.3436212048029444,0.39457731390265144,91.29,86.24
500,0.3325408776854254,0.39690740131268837,91.73,86.9
700,0.3342947711230843,0.3929959810843134,91.73,86.47
900,0.35732636254304534,0.39517013282532903,90.97,86.47
1100,0.3481119154555023,0.4053283787457047,91.665,86.46
