h_dim,train_loss,test_loss,train_accuracy,test_accuracy
5,0.30886860341151384,0.3147890127388535,69.11333333333333,68.55
15,0.06488206289978678,0.07593550955414012,93.50833333333334,92.4
30,0.027651918976545842,0.04886544585987261,97.23333333333333,95.09
45,0.013392857142857142,0.04169984076433121,98.66,95.84
