h_dim,train_loss,test_loss,train_accuracy,test_accuracy
200,0.037113539445629,0.1191281847133758,96.28666666666666,88.03
500,0.046808368869936036,0.11634156050955415,95.31833333333333,88.34
700,0.049057169509594885,0.11445063694267515,95.09333333333333,88.5
900,0.050056636460554374,0.11863057324840764,94.99166666666666,88.17
1100,0.03974546908315565,0.11415207006369427,96.025,88.59
