h_dim,train_loss,test_loss,train_accuracy,test_accuracy
200,0.05202225479744137,0.12838375796178345,94.79666666666667,87.1
500,0.026569163113006396,0.11007165605095541,97.34333333333333,88.97
700,0.02458688699360341,0.10738455414012739,97.54,89.24
900,0.028334888059701493,0.10609076433121019,97.165,89.37
1100,0.02357076226012793,0.11037022292993631,97.64333333333333,88.94
