h_dim,train_loss,test_loss,train_accuracy,test_accuracy
5,0.2828649040311575,0.7322020667373754,92.4,80.57
15,0.034288538387045264,0.4111899136888919,99.575,90.6
30,0.005115888634463772,0.3589747570140679,100.0,91.95
45,0.0024616499795229174,0.3209545982621201,100.0,92.8
