h_dim,train_loss,test_loss,train_accuracy,test_accuracy
200,0.005630330490405117,0.01950636942675159,99.43666666666667,98.04
900,0.0033482142857142855,0.017018312101910828,99.665,98.29
600,0.0031982942430703624,0.01711783439490446,99.68,98.28
1100,0.003531449893390192,0.016819267515923567,99.64666666666666,98.31
