h_dim,train_loss,test_loss,train_accuracy,test_accuracy
5,0.31485711224377155,0.6101135922845002,91.075,82.45
15,0.035417985054664314,0.3686782649783477,99.6,90.92
30,0.008238708163844422,0.3132195419225557,100.0,92.03
45,0.0067305700649740174,0.28111643277391923,100.0,93.04
