h_dim,train_loss,test_loss,train_accuracy,test_accuracy
200,0.13256152045385095,0.4813219227940793,95.125,87.35
500,0.12586314610804722,0.5060479168299656,95.305,87.17
700,0.13976767666305706,0.4668881837159965,94.915,87.41
900,0.14088703513999654,0.47627439648862097,94.75,87.39
1100,0.14231208360688702,0.4647770445248124,94.87,86.89
