h_dim,train_loss,test_loss,train_accuracy,test_accuracy
200,0.05626998933901919,0.05626998933901919,94.37333333333333,94.37333333333333
500,0.06446561833688699,0.06446561833688699,93.55333333333333,93.55333333333333
700,0.06088419509594883,0.06088419509594883,93.91166666666666,93.91166666666666
900,0.06461553837953092,0.06461553837953092,93.53666666666666,93.53666666666666
1100,0.06296641791044776,0.06296641791044776,93.70333333333333,93.70333333333333
