h_dim,train_loss,test_loss,train_accuracy,test_accuracy
5,0.9729151166975498,0.8368523037357695,66.5,77.65
15,0.20728684565983713,0.3697508795240265,92.925,90.24
30,0.05676838767249137,0.30272394385979257,98.225,92.51
45,0.03245280847477261,0.2879991258601054,98.925,93.53
