h_dim,train_loss,test_loss,train_accuracy,test_accuracy
200,0.02593616737739872,0.12251194267515923,97.405,87.72
500,0.030633662046908317,0.11793391719745223,96.93666666666667,88.18
700,0.030933502132196162,0.11843152866242038,96.905,88.13
900,0.03299906716417911,0.11962579617834394,96.7,88.07
1100,0.027635261194029852,0.11942675159235669,97.23666666666666,88.03
