h_dim,train_loss,test_loss,train_accuracy,test_accuracy
5,0.08861940298507463,0.08861940298507463,91.13333333333334,91.13333333333334
15,0.025503065031982942,0.025503065031982942,97.44833333333334,97.44833333333334
30,0.009411647121535182,0.009411647121535182,99.05833333333334,99.05833333333334
45,0.005230543710021322,0.005230543710021322,99.47666666666667,99.47666666666667
