h_dim,train_loss,test_loss,train_accuracy,test_accuracy
5,0.08758662046908315,0.09713375796178345,91.23666666666666,90.3
15,0.025736273987206824,0.047870222929936306,97.425,95.19
30,0.009028518123667378,0.035828025477707005,99.09666666666666,96.4
45,0.006313299573560768,0.026771496815286625,99.36833333333334,97.31
