{"4": [21.42, 25.25, 1.8452661037445068], "6": [62.760000000000005, 71.75, 1.2734942436218262], "8": [47.199999999999996, 52.6, 1.2796356678009033], "9": [63.54, 68.5, 0.683359682559967], "11": [70.48, 78.375, 1.1352053880691528], "13": [72.36, 80.05, 0.7408966422080994], "14": [64.68, 74.125, 0.7928118705749512], "16": [76.1, 82.425, 0.4169686734676361], "18": [73.04, 80.35, 0.6837921142578125], "19": [75.76, 83.075, 0.9457701444625854], "24": [77.34, 82.525, 0.4227014183998108], "28": [79.86, 86.625, 0.3018801808357239], "32": [75.1, 81.0, 0.5458579659461975], "36": [75.86, 83.025, 0.5561467409133911], "40": [75.78, 82.39999999999999, 0.45254749059677124], "45": [74.74, 80.72500000000001, 0.6285587549209595], "49": [79.22, 84.65, 0.666886568069458], "53": [78.53999999999999, 84.875, 0.708154559135437], "57": [78.96, 84.875, 0.42581456899642944], "163": [79.17999999999999, 84.39999999999999, 0.4090525209903717]}