h_dim,train_loss,test_loss,train_accuracy,test_accuracy
900,0.024203757995735608,0.03443471337579618,97.57833333333333,97.57833333333333
200,0.022171508528784648,0.03115047770700637,97.78166666666667,97.78166666666667
600,0.02208821961620469,0.03274283439490446,97.79,97.79
1100,0.027085554371002133,0.03751990445859873,97.29,97.29
