h_dim,train_loss,test_loss,train_accuracy,test_accuracy
200,0.0002797690121951746,0.2618698926177212,100.0,94.59
500,0.00025731426239872235,0.3087386180167165,100.0,94.42
700,0.00014014560019859346,0.24645254467421496,100.0,94.86
900,0.0005863377914465673,0.26239276865601874,100.0,94.5
1100,0.00020427287154234364,0.33140981677904924,100.0,94.43
