h_dim,train_loss,test_loss,train_accuracy,test_accuracy
900,0.003714685501066098,0.03682324840764331,99.62833333333333,96.3
200,0.004131130063965885,0.036922770700636945,99.58666666666667,96.29
600,0.004614205756929638,0.03552945859872612,99.53833333333333,96.43
1100,0.004580890191897655,0.03980891719745223,99.54166666666667,96.03
