h_dim,train_loss,test_loss,train_accuracy,test_accuracy
5,0.14175772921108742,0.14175772921108742,85.825,85.825
15,0.09616537846481876,0.09616537846481876,90.38,90.38
30,0.07545975479744137,0.07545975479744137,92.45333333333333,92.45333333333333
45,0.06711420575692964,0.06711420575692964,93.28833333333333,93.28833333333333
50,0.06261660447761194,0.06261660447761194,93.73833333333333,93.73833333333333
70,0.054504264392324094,0.054504264392324094,94.55166666666666,94.55166666666666
100,0.061733742004264396,0.061733742004264396,93.82666666666667,93.82666666666667
