h_dim,train_loss,test_loss,train_accuracy,test_accuracy
200,0.11960611352697015,0.19995251698675268,100.0,94.38
500,0.11637147818692029,0.18835472169103826,100.0,94.35
700,0.11948986211791635,0.18834137513374932,100.0,94.71
900,0.12572884489782155,0.1854085646322068,100.0,94.75
1100,0.10980486869812012,0.19854435590088404,100.0,94.4
