h_dim,train_loss,test_loss,train_accuracy,test_accuracy
5,0.1431736407249467,0.17068073248407642,85.68166666666667,82.88
15,0.09260061300639659,0.1435111464968153,90.74,85.64
30,0.06902985074626866,0.13266321656050956,93.095,86.7
45,0.05803571428571429,0.12639331210191082,94.19666666666667,87.33
50,0.056519856076759065,0.11833200636942676,94.34833333333333,88.17
70,0.04532582622601279,0.11952627388535032,95.46666666666667,88.05
100,0.041844349680170576,0.11445063694267515,95.815,88.56
