h_dim,train_loss,test_loss,train_accuracy,test_accuracy
5,1.4403376731143636,1.1947035797082695,42.505,50.74
15,0.4958760764948122,0.5001824829418948,81.86,83.73
30,0.30672429748781166,0.44153407567245945,88.055,85.99
45,0.2709787382631545,0.44684621321547563,89.345,86.04
50,0.23890352704722412,0.45515448329555,90.64,86.64
70,0.21940656329036518,0.4361253031025267,91.34,86.88
100,0.22456818092970332,0.45327046086454087,90.95,86.77
