h_dim,train_loss,test_loss,train_accuracy,test_accuracy
200,0.00030633336791652255,0.2378035458584068,100.0,94.98
500,0.00021647323455908918,0.2813868477816823,100.0,94.68
700,0.00022099858938418038,0.31192810010344485,100.0,94.81
900,0.00028194231265388225,0.2839307071084575,100.0,94.72
1100,9.105033757350611e-05,0.26072722736334636,100.0,94.97
