h_dim,train_loss,test_loss,train_accuracy,test_accuracy
5,0.6523047055408453,0.7674591138864019,76.34,73.17
15,0.25355144685051245,0.47256606570474663,90.76,85.08
30,0.17613743387969436,0.4629109260762573,93.515,86.43
45,0.15276674072074284,0.46977935788358094,94.39,86.53
50,0.12693525891110397,0.5691963141890848,95.39,86.17
70,0.12492231322321923,0.523102204558576,95.295,86.57
100,0.16502249202910502,0.44593027219840675,93.78,86.92
