h_dim,train_loss,test_loss,train_accuracy,test_accuracy
200,0.0046641791044776115,0.0046641791044776115,99.53333333333333,99.53333333333333
500,0.004430970149253731,0.004430970149253731,99.55666666666667,99.55666666666667
700,0.004614205756929638,0.004614205756929638,99.53833333333333,99.53833333333333
900,0.004597547974413646,0.004597547974413646,99.54,99.54
1100,0.003931236673773987,0.003931236673773987,99.60666666666667,99.60666666666667
