h_dim,train_loss,test_loss,train_accuracy,test_accuracy
900,0.003564765458422175,0.01592356687898089,99.64333333333333,98.4
200,0.006629797441364605,0.023586783439490448,99.33666666666667,97.63
600,0.0042810501066098084,0.019904458598726114,99.57166666666667,98.0
1100,0.004197761194029851,0.016222133757961783,99.58,98.37
