h_dim,train_loss,test_loss,train_accuracy,test_accuracy
200,0.002615271855010661,0.02099920382165605,99.73833333333333,97.89
500,0.0019656183368869937,0.023387738853503183,99.80333333333333,97.65
700,0.002465351812366738,0.022292993630573247,99.75333333333333,97.76
900,0.002398720682302772,0.021994426751592355,99.76,97.79
1100,0.00226545842217484,0.02080015923566879,99.77333333333333,97.91
