h_dim,train_loss,test_loss,train_accuracy,test_accuracy
200,0.0011129720624012407,0.21900452475538432,100.0,94.93
500,0.0009447717120565358,0.19907465014557313,100.0,95.03
700,0.0013522372701118002,0.19795695278254782,100.0,94.98
900,0.0022298529765976127,0.1669313014794703,100.0,95.23
1100,0.0013533850706153316,0.18095788066453378,100.0,95.09
